Lead_ID,Business_Name,Category,Locality,Landmark,City_Pincode,Est_Monthly_Revenue,Avg_Ticket_Size,Google_Rating,Current_Online_Status,Decision_Maker,Contact_Reference,Key_Vulnerability,SahayShakti_Pitch_Hook,Lead_Priority,Outreach_Status
SST-ROH-1531,Rohini Property Hub & Luxury Floor Builders,Real Estate Consultants & Builders,Sector 7 Market,Near Rohini West Metro Station,"Rohini, Delhi - 110085",Rs. 15.0 - 17.0 Lakhs/mo,"Rs. 50,000 - Rs. 500,000",4.3 Stars (46 Reviews),Broken / Inactive Free Subdomain (.business.site discontinued),Senior Partners / Developers,+91 9815 336 357,Lacks automated property inquiry capture forms and EMI / Stamp Duty calculator tools for buyers.,"Pitch 'SahayShakti RealtyPro Engine': HD floor-plan showcase, interactive virtual walkthroughs, and automated investor WhatsApp lead-capture system.",High Priority,Uncontacted / Ready for Pitch
SST-ROH-1532,Aggarwal Real Estate & Financial Consultants,Real Estate Consultants & Builders,Sector 8 Main Market,Near Rohini East Metro Station,"Rohini, Delhi - 110085",Rs. 19.0 - 23.0 Lakhs/mo,"Rs. 50,000 - Rs. 500,000",4.5 Stars (269 Reviews),Broken / Inactive Free Subdomain (.business.site discontinued),Senior Partners / Developers,+91 9819 236 944,Lacks automated property inquiry capture forms and EMI / Stamp Duty calculator tools for buyers.,"Pitch 'SahayShakti RealtyPro Engine': HD floor-plan showcase, interactive virtual walkthroughs, and automated investor WhatsApp lead-capture system.",High Priority,Uncontacted / Ready for Pitch
SST-ROH-1533,Shree Shyam Builders & Collaborators,Real Estate Consultants & Builders,Sector 9 Commercial Complex,Near DC Chowk,"Rohini, Delhi - 110085",Rs. 15.0 - 18.0 Lakhs/mo,"Rs. 50,000 - Rs. 500,000",4.9 Stars (632 Reviews),No Website (Only IndiaMART / Sulekha listing),Senior Partners / Developers,+91 9870 490 706,No branded web authority making them look like a small broker rather than a premier developer.,"Pitch 'SahayShakti RealtyPro Engine': HD floor-plan showcase, interactive virtual walkthroughs, and automated investor WhatsApp lead-capture system.",High Priority,Uncontacted / Ready for Pitch
SST-ROH-1534,Gupta Associates Rohini Floor Developers,Real Estate Consultants & Builders,Sector 11 Market,Near G3S Mall & Garg Trade Centre,"Rohini, Delhi - 110085",Rs. 36.0 - 40.0 Lakhs/mo,"Rs. 50,000 - Rs. 500,000",4.7 Stars (618 Reviews),No Website (Only Justdial & Google Map listing),Senior Partners / Developers,+91 9842 804 479,Lacks automated property inquiry capture forms and EMI / Stamp Duty calculator tools for buyers.,"Pitch 'SahayShakti RealtyPro Engine': HD floor-plan showcase, interactive virtual walkthroughs, and automated investor WhatsApp lead-capture system.",Hot (High Revenue / Zero Web Presence),Uncontacted / Ready for Pitch
SST-ROH-1535,City Star Real Estate & Legal Advisory,Real Estate Consultants & Builders,Sector 13 Central Market,Ring Road / Bhagwan Mahavir Hospital Road,"Rohini, Delhi - 110085",Rs. 34.0 - 38.0 Lakhs/mo,"Rs. 50,000 - Rs. 500,000",4.6 Stars (171 Reviews),No Website (Only IndiaMART / Sulekha listing),Senior Partners / Developers,+91 9829 530 432,Lacks automated property inquiry capture forms and EMI / Stamp Duty calculator tools for buyers.,"Pitch 'SahayShakti RealtyPro Engine': HD floor-plan showcase, interactive virtual walkthroughs, and automated investor WhatsApp lead-capture system.",Hot (High Revenue / Zero Web Presence),Uncontacted / Ready for Pitch
SST-ROH-1536,Royal Palms Realty & Commercial Leasing,Real Estate Consultants & Builders,Sector 14 Prashant Vihar,Near Fun Cinema / Outer Ring Road,"Rohini, Delhi - 110085",Rs. 13.0 - 15.0 Lakhs/mo,"Rs. 50,000 - Rs. 500,000",4.7 Stars (201 Reviews),Broken / Inactive Free Subdomain (.business.site discontinued),Senior Partners / Developers,+91 9874 704 618,Lacks a verified builder floor showcase website with HD video walk-throughs and floor plan downloads.,"Pitch 'SahayShakti RealtyPro Engine': HD floor-plan showcase, interactive virtual walkthroughs, and automated investor WhatsApp lead-capture system.",High Priority,Uncontacted / Ready for Pitch
SST-ROH-1537,Vardhman Properties & Builder Floors,Real Estate Consultants & Builders,Sector 15 Main Commercial Market,Near KN Katju Marg,"Rohini, Delhi - 110089",Rs. 30.0 - 35.0 Lakhs/mo,"Rs. 50,000 - Rs. 500,000",4.6 Stars (554 Reviews),Extremely Outdated Static Page (Not Mobile Responsive),Senior Partners / Developers,+91 9844 616 850,High dependency on local WhatsApp groups; no professional digital presence to attract high-budget investors.,"Pitch 'SahayShakti RealtyPro Engine': HD floor-plan showcase, interactive virtual walkthroughs, and automated investor WhatsApp lead-capture system.",Hot (High Revenue / Zero Web Presence),Uncontacted / Ready for Pitch
SST-ROH-1538,Apex Housing & Luxury Home Collaborations,Real Estate Consultants & Builders,Sector 16 Market,Opposite DTU Hub,"Rohini, Delhi - 110089",Rs. 10.0 - 14.0 Lakhs/mo,"Rs. 50,000 - Rs. 500,000",4.4 Stars (136 Reviews),Extremely Outdated Static Page (Not Mobile Responsive),Senior Partners / Developers,+91 9850 590 133,High dependency on local WhatsApp groups; no professional digital presence to attract high-budget investors.,"Pitch 'SahayShakti RealtyPro Engine': HD floor-plan showcase, interactive virtual walkthroughs, and automated investor WhatsApp lead-capture system.",High Priority,Uncontacted / Ready for Pitch
SST-ROH-1539,Bansal Property Consultants Sector 9,Real Estate Consultants & Builders,Sector 17 Commercial Hub,Near City Centre,"Rohini, Delhi - 110089",Rs. 26.0 - 32.0 Lakhs/mo,"Rs. 50,000 - Rs. 500,000",4.9 Stars (672 Reviews),No Website (Only IndiaMART / Sulekha listing),Senior Partners / Developers,+91 9870 309 236,Lacks automated property inquiry capture forms and EMI / Stamp Duty calculator tools for buyers.,"Pitch 'SahayShakti RealtyPro Engine': HD floor-plan showcase, interactive virtual walkthroughs, and automated investor WhatsApp lead-capture system.",Hot (High Revenue / Zero Web Presence),Uncontacted / Ready for Pitch
SST-ROH-1540,Dream Space Real Estate & Rental Hub,Real Estate Consultants & Builders,Sector 24 Commercial Centre,Near Rithala Metro Link,"Rohini, Delhi - 110085",Rs. 39.0 - 44.0 Lakhs/mo,"Rs. 50,000 - Rs. 500,000",4.7 Stars (568 Reviews),Broken / Inactive Free Subdomain (.business.site discontinued),Senior Partners / Developers,+91 9814 575 385,Lacks a verified builder floor showcase website with HD video walk-throughs and floor plan downloads.,"Pitch 'SahayShakti RealtyPro Engine': HD floor-plan showcase, interactive virtual walkthroughs, and automated investor WhatsApp lead-capture system.",Hot (High Revenue / Zero Web Presence),Uncontacted / Ready for Pitch
SST-ROH-1541,Prime Realty & Commercial Shop Advisory,Real Estate Consultants & Builders,Sector 3 Rohini Market,Near Jaipur Golden Hospital,"Rohini, Delhi - 110085",Rs. 14.0 - 18.0 Lakhs/mo,"Rs. 50,000 - Rs. 500,000",4.9 Stars (530 Reviews),Extremely Outdated Static Page (Not Mobile Responsive),Senior Partners / Developers,+91 9890 948 926,Lacks automated property inquiry capture forms and EMI / Stamp Duty calculator tools for buyers.,"Pitch 'SahayShakti RealtyPro Engine': HD floor-plan showcase, interactive virtual walkthroughs, and automated investor WhatsApp lead-capture system.",High Priority,Uncontacted / Ready for Pitch
SST-ROH-1542,Shree Ram Builders & Luxury Floors Rohini,Real Estate Consultants & Builders,Sector 5 CSC Market,Near Rajiv Gandhi Cancer Institute,"Rohini, Delhi - 110085",Rs. 23.0 - 26.0 Lakhs/mo,"Rs. 50,000 - Rs. 500,000",4.4 Stars (100 Reviews),No Website (Only IndiaMART / Sulekha listing),Senior Partners / Developers,+91 9815 907 607,Lacks automated property inquiry capture forms and EMI / Stamp Duty calculator tools for buyers.,"Pitch 'SahayShakti RealtyPro Engine': HD floor-plan showcase, interactive virtual walkthroughs, and automated investor WhatsApp lead-capture system.",High Priority,Uncontacted / Ready for Pitch
SST-ROH-1543,Mahalaxmi Associates & Property Advisory,Real Estate Consultants & Builders,Sector 6 Commercial Complex,Near Ayodhya Chowk,"Rohini, Delhi - 110085",Rs. 14.0 - 18.0 Lakhs/mo,"Rs. 50,000 - Rs. 500,000",4.9 Stars (227 Reviews),No Website (Only Justdial & Google Map listing),Senior Partners / Developers,+91 9834 260 287,No branded web authority making them look like a small broker rather than a premier developer.,"Pitch 'SahayShakti RealtyPro Engine': HD floor-plan showcase, interactive virtual walkthroughs, and automated investor WhatsApp lead-capture system.",High Priority,Uncontacted / Ready for Pitch
SST-ROH-1544,Metro Realty Consultants Rohini West,Real Estate Consultants & Builders,Sector 18 Commercial Hub,Badli Road / Samaypur link,"Rohini, Delhi - 110089",Rs. 33.0 - 37.0 Lakhs/mo,"Rs. 50,000 - Rs. 500,000",4.3 Stars (90 Reviews),No Website (Only IndiaMART / Sulekha listing),Senior Partners / Developers,+91 9858 409 738,Lacks a verified builder floor showcase website with HD video walk-throughs and floor plan downloads.,"Pitch 'SahayShakti RealtyPro Engine': HD floor-plan showcase, interactive virtual walkthroughs, and automated investor WhatsApp lead-capture system.",Hot (High Revenue / Zero Web Presence),Uncontacted / Ready for Pitch
SST-ROH-1545,Modern Estate Builders & Collaborators,Real Estate Consultants & Builders,Sector 22 Market,Near Pocket 4 Market,"Rohini, Delhi - 110086",Rs. 33.0 - 36.0 Lakhs/mo,"Rs. 50,000 - Rs. 500,000",4.7 Stars (366 Reviews),No Website (Only IndiaMART / Sulekha listing),Senior Partners / Developers,+91 9847 102 608,Lacks a verified builder floor showcase website with HD video walk-throughs and floor plan downloads.,"Pitch 'SahayShakti RealtyPro Engine': HD floor-plan showcase, interactive virtual walkthroughs, and automated investor WhatsApp lead-capture system.",Hot (High Revenue / Zero Web Presence),Uncontacted / Ready for Pitch
SST-ROH-1546,Saraswati Properties & Residential Plots,Real Estate Consultants & Builders,Sector 25 Marble & Commercial Hub,Near Rithala Industrial Area,"Rohini, Delhi - 110085",Rs. 16.0 - 19.0 Lakhs/mo,"Rs. 50,000 - Rs. 500,000",4.5 Stars (563 Reviews),No Website (Only IndiaMART / Sulekha listing),Senior Partners / Developers,+91 9847 713 802,Lacks automated property inquiry capture forms and EMI / Stamp Duty calculator tools for buyers.,"Pitch 'SahayShakti RealtyPro Engine': HD floor-plan showcase, interactive virtual walkthroughs, and automated investor WhatsApp lead-capture system.",High Priority,Uncontacted / Ready for Pitch
SST-ROH-1547,Khandelwal Estate & Property Consultants,Real Estate Consultants & Builders,Mangolpuri Marble Market Hub (Rohini Border),Main Outer Ring Road,"Rohini, Delhi - 110083",Rs. 39.0 - 45.0 Lakhs/mo,"Rs. 50,000 - Rs. 500,000",4.6 Stars (380 Reviews),No Website (Only Instagram Profile & WhatsApp link),Senior Partners / Developers,+91 9840 430 296,No branded web authority making them look like a small broker rather than a premier developer.,"Pitch 'SahayShakti RealtyPro Engine': HD floor-plan showcase, interactive virtual walkthroughs, and automated investor WhatsApp lead-capture system.",Hot (High Revenue / Zero Web Presence),Uncontacted / Ready for Pitch
SST-ROH-1548,Nexus Housing & Builder Floor Solutions,Real Estate Consultants & Builders,GT Karnal Road Banquet Belt,Alipur / Rohini Extn,"Rohini, Delhi - 110036",Rs. 33.0 - 35.0 Lakhs/mo,"Rs. 50,000 - Rs. 500,000",4.3 Stars (602 Reviews),Extremely Outdated Static Page (Not Mobile Responsive),Senior Partners / Developers,+91 9830 522 758,Lacks automated property inquiry capture forms and EMI / Stamp Duty calculator tools for buyers.,"Pitch 'SahayShakti RealtyPro Engine': HD floor-plan showcase, interactive virtual walkthroughs, and automated investor WhatsApp lead-capture system.",Hot (High Revenue / Zero Web Presence),Uncontacted / Ready for Pitch
SST-ROH-1549,Golden Brick Real Estate & Legal Services,Real Estate Consultants & Builders,Pitampura Commercial Hub,Near Netaji Subhash Place / Rani Bagh,"Rohini, Delhi - 110034",Rs. 25.0 - 30.0 Lakhs/mo,"Rs. 50,000 - Rs. 500,000",4.4 Stars (603 Reviews),Extremely Outdated Static Page (Not Mobile Responsive),Senior Partners / Developers,+91 9826 944 265,High dependency on local WhatsApp groups; no professional digital presence to attract high-budget investors.,"Pitch 'SahayShakti RealtyPro Engine': HD floor-plan showcase, interactive virtual walkthroughs, and automated investor WhatsApp lead-capture system.",Hot (High Revenue / Zero Web Presence),Uncontacted / Ready for Pitch
SST-ROH-1550,Om Sai Associates & Commercial Brokers,Real Estate Consultants & Builders,Sector 7 Market,Near Rohini West Metro Station,"Rohini, Delhi - 110085",Rs. 14.0 - 19.0 Lakhs/mo,"Rs. 50,000 - Rs. 500,000",4.6 Stars (312 Reviews),No Website (Only IndiaMART / Sulekha listing),Senior Partners / Developers,+91 9882 621 796,Lacks a verified builder floor showcase website with HD video walk-throughs and floor plan downloads.,"Pitch 'SahayShakti RealtyPro Engine': HD floor-plan showcase, interactive virtual walkthroughs, and automated investor WhatsApp lead-capture system.",High Priority,Uncontacted / Ready for Pitch
SST-ROH-1551,Heritage Homes & Luxury Builder Floors,Real Estate Consultants & Builders,Sector 8 Main Market,Near Rohini East Metro Station,"Rohini, Delhi - 110085",Rs. 24.0 - 26.0 Lakhs/mo,"Rs. 50,000 - Rs. 500,000",4.6 Stars (147 Reviews),No Website (Only Justdial & Google Map listing),Senior Partners / Developers,+91 9891 222 766,No branded web authority making them look like a small broker rather than a premier developer.,"Pitch 'SahayShakti RealtyPro Engine': HD floor-plan showcase, interactive virtual walkthroughs, and automated investor WhatsApp lead-capture system.",High Priority,Uncontacted / Ready for Pitch
SST-ROH-1552,Vastu Real Estate Consultants Rohini,Real Estate Consultants & Builders,Sector 9 Commercial Complex,Near DC Chowk,"Rohini, Delhi - 110085",Rs. 20.0 - 22.0 Lakhs/mo,"Rs. 50,000 - Rs. 500,000",4.7 Stars (512 Reviews),No Website (Only Justdial & Google Map listing),Senior Partners / Developers,+91 9843 565 167,Lacks a verified builder floor showcase website with HD video walk-throughs and floor plan downloads.,"Pitch 'SahayShakti RealtyPro Engine': HD floor-plan showcase, interactive virtual walkthroughs, and automated investor WhatsApp lead-capture system.",High Priority,Uncontacted / Ready for Pitch
SST-ROH-1553,Shree Balaji Property & Loan Advisory,Real Estate Consultants & Builders,Sector 11 Market,Near G3S Mall & Garg Trade Centre,"Rohini, Delhi - 110085",Rs. 11.0 - 17.0 Lakhs/mo,"Rs. 50,000 - Rs. 500,000",4.4 Stars (216 Reviews),No Website (Only Instagram Profile & WhatsApp link),Senior Partners / Developers,+91 9872 606 632,Lacks automated property inquiry capture forms and EMI / Stamp Duty calculator tools for buyers.,"Pitch 'SahayShakti RealtyPro Engine': HD floor-plan showcase, interactive virtual walkthroughs, and automated investor WhatsApp lead-capture system.",High Priority,Uncontacted / Ready for Pitch
SST-ROH-1554,The Property Point Rohini Sector 13,Real Estate Consultants & Builders,Sector 13 Central Market,Ring Road / Bhagwan Mahavir Hospital Road,"Rohini, Delhi - 110085",Rs. 10.0 - 13.0 Lakhs/mo,"Rs. 50,000 - Rs. 500,000",4.4 Stars (150 Reviews),Extremely Outdated Static Page (Not Mobile Responsive),Senior Partners / Developers,+91 9862 993 359,High dependency on local WhatsApp groups; no professional digital presence to attract high-budget investors.,"Pitch 'SahayShakti RealtyPro Engine': HD floor-plan showcase, interactive virtual walkthroughs, and automated investor WhatsApp lead-capture system.",High Priority,Uncontacted / Ready for Pitch
SST-ROH-1555,Urban Land Realty & Floor Collaborators,Real Estate Consultants & Builders,Sector 14 Prashant Vihar,Near Fun Cinema / Outer Ring Road,"Rohini, Delhi - 110085",Rs. 40.0 - 44.0 Lakhs/mo,"Rs. 50,000 - Rs. 500,000",4.8 Stars (444 Reviews),No Website (Only Instagram Profile & WhatsApp link),Senior Partners / Developers,+91 9839 503 209,Lacks a verified builder floor showcase website with HD video walk-throughs and floor plan downloads.,"Pitch 'SahayShakti RealtyPro Engine': HD floor-plan showcase, interactive virtual walkthroughs, and automated investor WhatsApp lead-capture system.",Hot (High Revenue / Zero Web Presence),Uncontacted / Ready for Pitch
SST-ROH-1556,Skyline Developers & Rohini Properties,Real Estate Consultants & Builders,Sector 15 Main Commercial Market,Near KN Katju Marg,"Rohini, Delhi - 110089",Rs. 24.0 - 29.0 Lakhs/mo,"Rs. 50,000 - Rs. 500,000",4.8 Stars (384 Reviews),No Website (Only IndiaMART / Sulekha listing),Senior Partners / Developers,+91 9860 565 857,High dependency on local WhatsApp groups; no professional digital presence to attract high-budget investors.,"Pitch 'SahayShakti RealtyPro Engine': HD floor-plan showcase, interactive virtual walkthroughs, and automated investor WhatsApp lead-capture system.",High Priority,Uncontacted / Ready for Pitch
SST-ROH-1557,Capital Realty & Commercial Shop Brokers,Real Estate Consultants & Builders,Sector 16 Market,Opposite DTU Hub,"Rohini, Delhi - 110089",Rs. 21.0 - 26.0 Lakhs/mo,"Rs. 50,000 - Rs. 500,000",4.9 Stars (137 Reviews),No Website (Only Justdial & Google Map listing),Senior Partners / Developers,+91 9895 404 113,No branded web authority making them look like a small broker rather than a premier developer.,"Pitch 'SahayShakti RealtyPro Engine': HD floor-plan showcase, interactive virtual walkthroughs, and automated investor WhatsApp lead-capture system.",High Priority,Uncontacted / Ready for Pitch
SST-ROH-1558,Galaxy Properties & Luxury Floors Sector 24,Real Estate Consultants & Builders,Sector 17 Commercial Hub,Near City Centre,"Rohini, Delhi - 110089",Rs. 28.0 - 30.0 Lakhs/mo,"Rs. 50,000 - Rs. 500,000",4.6 Stars (503 Reviews),No Website (Only Instagram Profile & WhatsApp link),Senior Partners / Developers,+91 9852 586 233,High dependency on local WhatsApp groups; no professional digital presence to attract high-budget investors.,"Pitch 'SahayShakti RealtyPro Engine': HD floor-plan showcase, interactive virtual walkthroughs, and automated investor WhatsApp lead-capture system.",Hot (High Revenue / Zero Web Presence),Uncontacted / Ready for Pitch
SST-ROH-1559,Elite Homes & Residential Collaborations,Real Estate Consultants & Builders,Sector 24 Commercial Centre,Near Rithala Metro Link,"Rohini, Delhi - 110085",Rs. 26.0 - 31.0 Lakhs/mo,"Rs. 50,000 - Rs. 500,000",4.9 Stars (239 Reviews),No Website (Only IndiaMART / Sulekha listing),Senior Partners / Developers,+91 9838 899 434,No branded web authority making them look like a small broker rather than a premier developer.,"Pitch 'SahayShakti RealtyPro Engine': HD floor-plan showcase, interactive virtual walkthroughs, and automated investor WhatsApp lead-capture system.",Hot (High Revenue / Zero Web Presence),Uncontacted / Ready for Pitch
SST-ROH-1560,Cornerstone Real Estate Advisory Rohini,Real Estate Consultants & Builders,Sector 3 Rohini Market,Near Jaipur Golden Hospital,"Rohini, Delhi - 110085",Rs. 39.0 - 42.0 Lakhs/mo,"Rs. 50,000 - Rs. 500,000",4.8 Stars (276 Reviews),No Website (Only Instagram Profile & WhatsApp link),Senior Partners / Developers,+91 9843 223 462,Lacks a verified builder floor showcase website with HD video walk-throughs and floor plan downloads.,"Pitch 'SahayShakti RealtyPro Engine': HD floor-plan showcase, interactive virtual walkthroughs, and automated investor WhatsApp lead-capture system.",Hot (High Revenue / Zero Web Presence),Uncontacted / Ready for Pitch
SST-ROH-1561,Rohini Property Hub & Luxury Floor Builders (Branch 2),Real Estate Consultants & Builders,Sector 5 CSC Market,Near Rajiv Gandhi Cancer Institute,"Rohini, Delhi - 110085",Rs. 15.0 - 21.0 Lakhs/mo,"Rs. 50,000 - Rs. 500,000",4.4 Stars (282 Reviews),No Website (Only Instagram Profile & WhatsApp link),Senior Partners / Developers,+91 9859 343 145,No branded web authority making them look like a small broker rather than a premier developer.,"Pitch 'SahayShakti RealtyPro Engine': HD floor-plan showcase, interactive virtual walkthroughs, and automated investor WhatsApp lead-capture system.",High Priority,Uncontacted / Ready for Pitch
SST-ROH-1562,Aggarwal Real Estate & Financial Consultants (Branch 2),Real Estate Consultants & Builders,Sector 6 Commercial Complex,Near Ayodhya Chowk,"Rohini, Delhi - 110085",Rs. 20.0 - 26.0 Lakhs/mo,"Rs. 50,000 - Rs. 500,000",4.8 Stars (128 Reviews),No Website (Only Justdial & Google Map listing),Senior Partners / Developers,+91 9864 938 965,High dependency on local WhatsApp groups; no professional digital presence to attract high-budget investors.,"Pitch 'SahayShakti RealtyPro Engine': HD floor-plan showcase, interactive virtual walkthroughs, and automated investor WhatsApp lead-capture system.",High Priority,Uncontacted / Ready for Pitch
SST-ROH-1563,Shree Shyam Builders & Collaborators (Branch 2),Real Estate Consultants & Builders,Sector 18 Commercial Hub,Badli Road / Samaypur link,"Rohini, Delhi - 110089",Rs. 28.0 - 34.0 Lakhs/mo,"Rs. 50,000 - Rs. 500,000",4.8 Stars (378 Reviews),Extremely Outdated Static Page (Not Mobile Responsive),Senior Partners / Developers,+91 9855 563 555,Lacks automated property inquiry capture forms and EMI / Stamp Duty calculator tools for buyers.,"Pitch 'SahayShakti RealtyPro Engine': HD floor-plan showcase, interactive virtual walkthroughs, and automated investor WhatsApp lead-capture system.",Hot (High Revenue / Zero Web Presence),Uncontacted / Ready for Pitch
SST-ROH-1564,Gupta Associates Rohini Floor Developers (Branch 2),Real Estate Consultants & Builders,Sector 22 Market,Near Pocket 4 Market,"Rohini, Delhi - 110086",Rs. 21.0 - 23.0 Lakhs/mo,"Rs. 50,000 - Rs. 500,000",4.4 Stars (181 Reviews),Extremely Outdated Static Page (Not Mobile Responsive),Senior Partners / Developers,+91 9830 405 281,No branded web authority making them look like a small broker rather than a premier developer.,"Pitch 'SahayShakti RealtyPro Engine': HD floor-plan showcase, interactive virtual walkthroughs, and automated investor WhatsApp lead-capture system.",High Priority,Uncontacted / Ready for Pitch
SST-ROH-1565,City Star Real Estate & Legal Advisory (Branch 2),Real Estate Consultants & Builders,Sector 25 Marble & Commercial Hub,Near Rithala Industrial Area,"Rohini, Delhi - 110085",Rs. 34.0 - 36.0 Lakhs/mo,"Rs. 50,000 - Rs. 500,000",4.6 Stars (93 Reviews),Broken / Inactive Free Subdomain (.business.site discontinued),Senior Partners / Developers,+91 9813 199 845,Lacks a verified builder floor showcase website with HD video walk-throughs and floor plan downloads.,"Pitch 'SahayShakti RealtyPro Engine': HD floor-plan showcase, interactive virtual walkthroughs, and automated investor WhatsApp lead-capture system.",Hot (High Revenue / Zero Web Presence),Uncontacted / Ready for Pitch
SST-ROH-1566,Royal Palms Realty & Commercial Leasing (Branch 2),Real Estate Consultants & Builders,Mangolpuri Marble Market Hub (Rohini Border),Main Outer Ring Road,"Rohini, Delhi - 110083",Rs. 23.0 - 28.0 Lakhs/mo,"Rs. 50,000 - Rs. 500,000",4.7 Stars (547 Reviews),Extremely Outdated Static Page (Not Mobile Responsive),Senior Partners / Developers,+91 9835 673 230,Lacks a verified builder floor showcase website with HD video walk-throughs and floor plan downloads.,"Pitch 'SahayShakti RealtyPro Engine': HD floor-plan showcase, interactive virtual walkthroughs, and automated investor WhatsApp lead-capture system.",High Priority,Uncontacted / Ready for Pitch
SST-ROH-1567,Vardhman Properties & Builder Floors (Branch 2),Real Estate Consultants & Builders,GT Karnal Road Banquet Belt,Alipur / Rohini Extn,"Rohini, Delhi - 110036",Rs. 37.0 - 39.0 Lakhs/mo,"Rs. 50,000 - Rs. 500,000",4.7 Stars (74 Reviews),No Website (Only IndiaMART / Sulekha listing),Senior Partners / Developers,+91 9822 291 338,Lacks automated property inquiry capture forms and EMI / Stamp Duty calculator tools for buyers.,"Pitch 'SahayShakti RealtyPro Engine': HD floor-plan showcase, interactive virtual walkthroughs, and automated investor WhatsApp lead-capture system.",Hot (High Revenue / Zero Web Presence),Uncontacted / Ready for Pitch
SST-ROH-1568,Apex Housing & Luxury Home Collaborations (Branch 2),Real Estate Consultants & Builders,Pitampura Commercial Hub,Near Netaji Subhash Place / Rani Bagh,"Rohini, Delhi - 110034",Rs. 39.0 - 44.0 Lakhs/mo,"Rs. 50,000 - Rs. 500,000",4.7 Stars (550 Reviews),No Website (Only Instagram Profile & WhatsApp link),Senior Partners / Developers,+91 9883 522 683,No branded web authority making them look like a small broker rather than a premier developer.,"Pitch 'SahayShakti RealtyPro Engine': HD floor-plan showcase, interactive virtual walkthroughs, and automated investor WhatsApp lead-capture system.",Hot (High Revenue / Zero Web Presence),Uncontacted / Ready for Pitch
SST-ROH-1569,Bansal Property Consultants Sector 9 (Branch 2),Real Estate Consultants & Builders,Sector 7 Market,Near Rohini West Metro Station,"Rohini, Delhi - 110085",Rs. 24.0 - 30.0 Lakhs/mo,"Rs. 50,000 - Rs. 500,000",4.8 Stars (181 Reviews),No Website (Only IndiaMART / Sulekha listing),Senior Partners / Developers,+91 9884 248 455,High dependency on local WhatsApp groups; no professional digital presence to attract high-budget investors.,"Pitch 'SahayShakti RealtyPro Engine': HD floor-plan showcase, interactive virtual walkthroughs, and automated investor WhatsApp lead-capture system.",High Priority,Uncontacted / Ready for Pitch
SST-ROH-1570,Dream Space Real Estate & Rental Hub (Branch 2),Real Estate Consultants & Builders,Sector 8 Main Market,Near Rohini East Metro Station,"Rohini, Delhi - 110085",Rs. 23.0 - 29.0 Lakhs/mo,"Rs. 50,000 - Rs. 500,000",4.5 Stars (593 Reviews),Broken / Inactive Free Subdomain (.business.site discontinued),Senior Partners / Developers,+91 9818 430 826,Lacks a verified builder floor showcase website with HD video walk-throughs and floor plan downloads.,"Pitch 'SahayShakti RealtyPro Engine': HD floor-plan showcase, interactive virtual walkthroughs, and automated investor WhatsApp lead-capture system.",High Priority,Uncontacted / Ready for Pitch
SST-ROH-1571,Prime Realty & Commercial Shop Advisory (Branch 2),Real Estate Consultants & Builders,Sector 9 Commercial Complex,Near DC Chowk,"Rohini, Delhi - 110085",Rs. 35.0 - 41.0 Lakhs/mo,"Rs. 50,000 - Rs. 500,000",4.5 Stars (304 Reviews),Extremely Outdated Static Page (Not Mobile Responsive),Senior Partners / Developers,+91 9856 458 479,Lacks automated property inquiry capture forms and EMI / Stamp Duty calculator tools for buyers.,"Pitch 'SahayShakti RealtyPro Engine': HD floor-plan showcase, interactive virtual walkthroughs, and automated investor WhatsApp lead-capture system.",Hot (High Revenue / Zero Web Presence),Uncontacted / Ready for Pitch
SST-ROH-1572,Shree Ram Builders & Luxury Floors Rohini (Branch 2),Real Estate Consultants & Builders,Sector 11 Market,Near G3S Mall & Garg Trade Centre,"Rohini, Delhi - 110085",Rs. 37.0 - 39.0 Lakhs/mo,"Rs. 50,000 - Rs. 500,000",4.4 Stars (309 Reviews),No Website (Only Justdial & Google Map listing),Senior Partners / Developers,+91 9895 819 333,Lacks automated property inquiry capture forms and EMI / Stamp Duty calculator tools for buyers.,"Pitch 'SahayShakti RealtyPro Engine': HD floor-plan showcase, interactive virtual walkthroughs, and automated investor WhatsApp lead-capture system.",Hot (High Revenue / Zero Web Presence),Uncontacted / Ready for Pitch
SST-ROH-1573,Mahalaxmi Associates & Property Advisory (Branch 2),Real Estate Consultants & Builders,Sector 13 Central Market,Ring Road / Bhagwan Mahavir Hospital Road,"Rohini, Delhi - 110085",Rs. 19.0 - 25.0 Lakhs/mo,"Rs. 50,000 - Rs. 500,000",4.3 Stars (70 Reviews),No Website (Only Justdial & Google Map listing),Senior Partners / Developers,+91 9891 337 718,No branded web authority making them look like a small broker rather than a premier developer.,"Pitch 'SahayShakti RealtyPro Engine': HD floor-plan showcase, interactive virtual walkthroughs, and automated investor WhatsApp lead-capture system.",High Priority,Uncontacted / Ready for Pitch
SST-ROH-1574,Metro Realty Consultants Rohini West (Branch 2),Real Estate Consultants & Builders,Sector 14 Prashant Vihar,Near Fun Cinema / Outer Ring Road,"Rohini, Delhi - 110085",Rs. 31.0 - 34.0 Lakhs/mo,"Rs. 50,000 - Rs. 500,000",4.7 Stars (114 Reviews),No Website (Only Justdial & Google Map listing),Senior Partners / Developers,+91 9862 366 983,Lacks automated property inquiry capture forms and EMI / Stamp Duty calculator tools for buyers.,"Pitch 'SahayShakti RealtyPro Engine': HD floor-plan showcase, interactive virtual walkthroughs, and automated investor WhatsApp lead-capture system.",Hot (High Revenue / Zero Web Presence),Uncontacted / Ready for Pitch
SST-ROH-1575,Modern Estate Builders & Collaborators (Branch 2),Real Estate Consultants & Builders,Sector 15 Main Commercial Market,Near KN Katju Marg,"Rohini, Delhi - 110089",Rs. 10.0 - 16.0 Lakhs/mo,"Rs. 50,000 - Rs. 500,000",4.6 Stars (620 Reviews),Extremely Outdated Static Page (Not Mobile Responsive),Senior Partners / Developers,+91 9880 452 502,No branded web authority making them look like a small broker rather than a premier developer.,"Pitch 'SahayShakti RealtyPro Engine': HD floor-plan showcase, interactive virtual walkthroughs, and automated investor WhatsApp lead-capture system.",High Priority,Uncontacted / Ready for Pitch
SST-ROH-1576,Saraswati Properties & Residential Plots (Branch 2),Real Estate Consultants & Builders,Sector 16 Market,Opposite DTU Hub,"Rohini, Delhi - 110089",Rs. 33.0 - 36.0 Lakhs/mo,"Rs. 50,000 - Rs. 500,000",4.6 Stars (228 Reviews),No Website (Only Instagram Profile & WhatsApp link),Senior Partners / Developers,+91 9857 368 803,High dependency on local WhatsApp groups; no professional digital presence to attract high-budget investors.,"Pitch 'SahayShakti RealtyPro Engine': HD floor-plan showcase, interactive virtual walkthroughs, and automated investor WhatsApp lead-capture system.",Hot (High Revenue / Zero Web Presence),Uncontacted / Ready for Pitch
SST-ROH-1577,Khandelwal Estate & Property Consultants (Branch 2),Real Estate Consultants & Builders,Sector 17 Commercial Hub,Near City Centre,"Rohini, Delhi - 110089",Rs. 21.0 - 24.0 Lakhs/mo,"Rs. 50,000 - Rs. 500,000",4.6 Stars (574 Reviews),No Website (Only Instagram Profile & WhatsApp link),Senior Partners / Developers,+91 9813 947 210,High dependency on local WhatsApp groups; no professional digital presence to attract high-budget investors.,"Pitch 'SahayShakti RealtyPro Engine': HD floor-plan showcase, interactive virtual walkthroughs, and automated investor WhatsApp lead-capture system.",High Priority,Uncontacted / Ready for Pitch
SST-ROH-1578,Nexus Housing & Builder Floor Solutions (Branch 2),Real Estate Consultants & Builders,Sector 24 Commercial Centre,Near Rithala Metro Link,"Rohini, Delhi - 110085",Rs. 38.0 - 44.0 Lakhs/mo,"Rs. 50,000 - Rs. 500,000",4.4 Stars (354 Reviews),No Website (Only IndiaMART / Sulekha listing),Senior Partners / Developers,+91 9873 509 887,No branded web authority making them look like a small broker rather than a premier developer.,"Pitch 'SahayShakti RealtyPro Engine': HD floor-plan showcase, interactive virtual walkthroughs, and automated investor WhatsApp lead-capture system.",Hot (High Revenue / Zero Web Presence),Uncontacted / Ready for Pitch
SST-ROH-1579,Golden Brick Real Estate & Legal Services (Branch 2),Real Estate Consultants & Builders,Sector 3 Rohini Market,Near Jaipur Golden Hospital,"Rohini, Delhi - 110085",Rs. 40.0 - 46.0 Lakhs/mo,"Rs. 50,000 - Rs. 500,000",4.6 Stars (390 Reviews),Extremely Outdated Static Page (Not Mobile Responsive),Senior Partners / Developers,+91 9856 496 264,Lacks a verified builder floor showcase website with HD video walk-throughs and floor plan downloads.,"Pitch 'SahayShakti RealtyPro Engine': HD floor-plan showcase, interactive virtual walkthroughs, and automated investor WhatsApp lead-capture system.",Hot (High Revenue / Zero Web Presence),Uncontacted / Ready for Pitch
SST-ROH-1580,Om Sai Associates & Commercial Brokers (Branch 2),Real Estate Consultants & Builders,Sector 5 CSC Market,Near Rajiv Gandhi Cancer Institute,"Rohini, Delhi - 110085",Rs. 39.0 - 45.0 Lakhs/mo,"Rs. 50,000 - Rs. 500,000",4.7 Stars (258 Reviews),No Website (Only IndiaMART / Sulekha listing),Senior Partners / Developers,+91 9898 983 930,Lacks automated property inquiry capture forms and EMI / Stamp Duty calculator tools for buyers.,"Pitch 'SahayShakti RealtyPro Engine': HD floor-plan showcase, interactive virtual walkthroughs, and automated investor WhatsApp lead-capture system.",Hot (High Revenue / Zero Web Presence),Uncontacted / Ready for Pitch
SST-ROH-1581,Heritage Homes & Luxury Builder Floors (Branch 2),Real Estate Consultants & Builders,Sector 6 Commercial Complex,Near Ayodhya Chowk,"Rohini, Delhi - 110085",Rs. 24.0 - 30.0 Lakhs/mo,"Rs. 50,000 - Rs. 500,000",4.7 Stars (556 Reviews),Broken / Inactive Free Subdomain (.business.site discontinued),Senior Partners / Developers,+91 9862 438 901,High dependency on local WhatsApp groups; no professional digital presence to attract high-budget investors.,"Pitch 'SahayShakti RealtyPro Engine': HD floor-plan showcase, interactive virtual walkthroughs, and automated investor WhatsApp lead-capture system.",High Priority,Uncontacted / Ready for Pitch
SST-ROH-1582,Vastu Real Estate Consultants Rohini (Branch 2),Real Estate Consultants & Builders,Sector 18 Commercial Hub,Badli Road / Samaypur link,"Rohini, Delhi - 110089",Rs. 27.0 - 30.0 Lakhs/mo,"Rs. 50,000 - Rs. 500,000",4.6 Stars (362 Reviews),Broken / Inactive Free Subdomain (.business.site discontinued),Senior Partners / Developers,+91 9887 846 405,Lacks a verified builder floor showcase website with HD video walk-throughs and floor plan downloads.,"Pitch 'SahayShakti RealtyPro Engine': HD floor-plan showcase, interactive virtual walkthroughs, and automated investor WhatsApp lead-capture system.",Hot (High Revenue / Zero Web Presence),Uncontacted / Ready for Pitch
SST-ROH-1583,Shree Balaji Property & Loan Advisory (Branch 2),Real Estate Consultants & Builders,Sector 22 Market,Near Pocket 4 Market,"Rohini, Delhi - 110086",Rs. 34.0 - 37.0 Lakhs/mo,"Rs. 50,000 - Rs. 500,000",4.4 Stars (59 Reviews),No Website (Only IndiaMART / Sulekha listing),Senior Partners / Developers,+91 9884 240 692,No branded web authority making them look like a small broker rather than a premier developer.,"Pitch 'SahayShakti RealtyPro Engine': HD floor-plan showcase, interactive virtual walkthroughs, and automated investor WhatsApp lead-capture system.",Hot (High Revenue / Zero Web Presence),Uncontacted / Ready for Pitch
SST-ROH-1584,The Property Point Rohini Sector 13 (Branch 2),Real Estate Consultants & Builders,Sector 25 Marble & Commercial Hub,Near Rithala Industrial Area,"Rohini, Delhi - 110085",Rs. 17.0 - 21.0 Lakhs/mo,"Rs. 50,000 - Rs. 500,000",4.7 Stars (445 Reviews),No Website (Only Justdial & Google Map listing),Senior Partners / Developers,+91 9870 811 492,Lacks a verified builder floor showcase website with HD video walk-throughs and floor plan downloads.,"Pitch 'SahayShakti RealtyPro Engine': HD floor-plan showcase, interactive virtual walkthroughs, and automated investor WhatsApp lead-capture system.",High Priority,Uncontacted / Ready for Pitch
SST-ROH-1585,Urban Land Realty & Floor Collaborators (Branch 2),Real Estate Consultants & Builders,Mangolpuri Marble Market Hub (Rohini Border),Main Outer Ring Road,"Rohini, Delhi - 110083",Rs. 19.0 - 21.0 Lakhs/mo,"Rs. 50,000 - Rs. 500,000",4.8 Stars (212 Reviews),No Website (Only Instagram Profile & WhatsApp link),Senior Partners / Developers,+91 9813 516 855,Lacks automated property inquiry capture forms and EMI / Stamp Duty calculator tools for buyers.,"Pitch 'SahayShakti RealtyPro Engine': HD floor-plan showcase, interactive virtual walkthroughs, and automated investor WhatsApp lead-capture system.",High Priority,Uncontacted / Ready for Pitch
SST-ROH-1586,Skyline Developers & Rohini Properties (Branch 2),Real Estate Consultants & Builders,GT Karnal Road Banquet Belt,Alipur / Rohini Extn,"Rohini, Delhi - 110036",Rs. 31.0 - 35.0 Lakhs/mo,"Rs. 50,000 - Rs. 500,000",4.6 Stars (667 Reviews),No Website (Only IndiaMART / Sulekha listing),Senior Partners / Developers,+91 9860 668 560,No branded web authority making them look like a small broker rather than a premier developer.,"Pitch 'SahayShakti RealtyPro Engine': HD floor-plan showcase, interactive virtual walkthroughs, and automated investor WhatsApp lead-capture system.",Hot (High Revenue / Zero Web Presence),Uncontacted / Ready for Pitch
SST-ROH-1587,Capital Realty & Commercial Shop Brokers (Branch 2),Real Estate Consultants & Builders,Pitampura Commercial Hub,Near Netaji Subhash Place / Rani Bagh,"Rohini, Delhi - 110034",Rs. 14.0 - 17.0 Lakhs/mo,"Rs. 50,000 - Rs. 500,000",4.4 Stars (396 Reviews),No Website (Only Instagram Profile & WhatsApp link),Senior Partners / Developers,+91 9867 118 198,Lacks a verified builder floor showcase website with HD video walk-throughs and floor plan downloads.,"Pitch 'SahayShakti RealtyPro Engine': HD floor-plan showcase, interactive virtual walkthroughs, and automated investor WhatsApp lead-capture system.",High Priority,Uncontacted / Ready for Pitch
SST-ROH-1588,Galaxy Properties & Luxury Floors Sector 24 (Branch 2),Real Estate Consultants & Builders,Sector 7 Market,Near Rohini West Metro Station,"Rohini, Delhi - 110085",Rs. 38.0 - 44.0 Lakhs/mo,"Rs. 50,000 - Rs. 500,000",4.6 Stars (376 Reviews),Broken / Inactive Free Subdomain (.business.site discontinued),Senior Partners / Developers,+91 9890 871 477,Lacks automated property inquiry capture forms and EMI / Stamp Duty calculator tools for buyers.,"Pitch 'SahayShakti RealtyPro Engine': HD floor-plan showcase, interactive virtual walkthroughs, and automated investor WhatsApp lead-capture system.",Hot (High Revenue / Zero Web Presence),Uncontacted / Ready for Pitch
SST-ROH-1589,Elite Homes & Residential Collaborations (Branch 2),Real Estate Consultants & Builders,Sector 8 Main Market,Near Rohini East Metro Station,"Rohini, Delhi - 110085",Rs. 11.0 - 13.0 Lakhs/mo,"Rs. 50,000 - Rs. 500,000",4.9 Stars (333 Reviews),No Website (Only IndiaMART / Sulekha listing),Senior Partners / Developers,+91 9886 771 657,Lacks automated property inquiry capture forms and EMI / Stamp Duty calculator tools for buyers.,"Pitch 'SahayShakti RealtyPro Engine': HD floor-plan showcase, interactive virtual walkthroughs, and automated investor WhatsApp lead-capture system.",High Priority,Uncontacted / Ready for Pitch
SST-ROH-1590,Cornerstone Real Estate Advisory Rohini (Branch 2),Real Estate Consultants & Builders,Sector 9 Commercial Complex,Near DC Chowk,"Rohini, Delhi - 110085",Rs. 24.0 - 29.0 Lakhs/mo,"Rs. 50,000 - Rs. 500,000",4.8 Stars (480 Reviews),No Website (Only IndiaMART / Sulekha listing),Senior Partners / Developers,+91 9819 676 492,High dependency on local WhatsApp groups; no professional digital presence to attract high-budget investors.,"Pitch 'SahayShakti RealtyPro Engine': HD floor-plan showcase, interactive virtual walkthroughs, and automated investor WhatsApp lead-capture system.",High Priority,Uncontacted / Ready for Pitch
SST-ROH-1591,Rohini Property Hub & Luxury Floor Builders (Branch 3),Real Estate Consultants & Builders,Sector 11 Market,Near G3S Mall & Garg Trade Centre,"Rohini, Delhi - 110085",Rs. 27.0 - 29.0 Lakhs/mo,"Rs. 50,000 - Rs. 500,000",4.3 Stars (157 Reviews),No Website (Only Justdial & Google Map listing),Senior Partners / Developers,+91 9874 497 504,Lacks automated property inquiry capture forms and EMI / Stamp Duty calculator tools for buyers.,"Pitch 'SahayShakti RealtyPro Engine': HD floor-plan showcase, interactive virtual walkthroughs, and automated investor WhatsApp lead-capture system.",Hot (High Revenue / Zero Web Presence),Uncontacted / Ready for Pitch
SST-ROH-1592,Aggarwal Real Estate & Financial Consultants (Branch 3),Real Estate Consultants & Builders,Sector 13 Central Market,Ring Road / Bhagwan Mahavir Hospital Road,"Rohini, Delhi - 110085",Rs. 28.0 - 30.0 Lakhs/mo,"Rs. 50,000 - Rs. 500,000",4.4 Stars (187 Reviews),No Website (Only Justdial & Google Map listing),Senior Partners / Developers,+91 9866 794 252,High dependency on local WhatsApp groups; no professional digital presence to attract high-budget investors.,"Pitch 'SahayShakti RealtyPro Engine': HD floor-plan showcase, interactive virtual walkthroughs, and automated investor WhatsApp lead-capture system.",Hot (High Revenue / Zero Web Presence),Uncontacted / Ready for Pitch
SST-ROH-1593,Shree Shyam Builders & Collaborators (Branch 3),Real Estate Consultants & Builders,Sector 14 Prashant Vihar,Near Fun Cinema / Outer Ring Road,"Rohini, Delhi - 110085",Rs. 33.0 - 37.0 Lakhs/mo,"Rs. 50,000 - Rs. 500,000",4.5 Stars (191 Reviews),Broken / Inactive Free Subdomain (.business.site discontinued),Senior Partners / Developers,+91 9854 130 614,No branded web authority making them look like a small broker rather than a premier developer.,"Pitch 'SahayShakti RealtyPro Engine': HD floor-plan showcase, interactive virtual walkthroughs, and automated investor WhatsApp lead-capture system.",Hot (High Revenue / Zero Web Presence),Uncontacted / Ready for Pitch
SST-ROH-1594,Gupta Associates Rohini Floor Developers (Branch 3),Real Estate Consultants & Builders,Sector 15 Main Commercial Market,Near KN Katju Marg,"Rohini, Delhi - 110089",Rs. 36.0 - 40.0 Lakhs/mo,"Rs. 50,000 - Rs. 500,000",4.3 Stars (412 Reviews),Broken / Inactive Free Subdomain (.business.site discontinued),Senior Partners / Developers,+91 9851 638 692,Lacks automated property inquiry capture forms and EMI / Stamp Duty calculator tools for buyers.,"Pitch 'SahayShakti RealtyPro Engine': HD floor-plan showcase, interactive virtual walkthroughs, and automated investor WhatsApp lead-capture system.",Hot (High Revenue / Zero Web Presence),Uncontacted / Ready for Pitch
SST-ROH-1595,City Star Real Estate & Legal Advisory (Branch 3),Real Estate Consultants & Builders,Sector 16 Market,Opposite DTU Hub,"Rohini, Delhi - 110089",Rs. 10.0 - 16.0 Lakhs/mo,"Rs. 50,000 - Rs. 500,000",4.9 Stars (362 Reviews),Extremely Outdated Static Page (Not Mobile Responsive),Senior Partners / Developers,+91 9858 557 319,No branded web authority making them look like a small broker rather than a premier developer.,"Pitch 'SahayShakti RealtyPro Engine': HD floor-plan showcase, interactive virtual walkthroughs, and automated investor WhatsApp lead-capture system.",High Priority,Uncontacted / Ready for Pitch
SST-ROH-1596,Royal Palms Realty & Commercial Leasing (Branch 3),Real Estate Consultants & Builders,Sector 17 Commercial Hub,Near City Centre,"Rohini, Delhi - 110089",Rs. 36.0 - 39.0 Lakhs/mo,"Rs. 50,000 - Rs. 500,000",4.4 Stars (56 Reviews),No Website (Only IndiaMART / Sulekha listing),Senior Partners / Developers,+91 9826 665 775,No branded web authority making them look like a small broker rather than a premier developer.,"Pitch 'SahayShakti RealtyPro Engine': HD floor-plan showcase, interactive virtual walkthroughs, and automated investor WhatsApp lead-capture system.",Hot (High Revenue / Zero Web Presence),Uncontacted / Ready for Pitch
SST-ROH-1597,Vardhman Properties & Builder Floors (Branch 3),Real Estate Consultants & Builders,Sector 24 Commercial Centre,Near Rithala Metro Link,"Rohini, Delhi - 110085",Rs. 37.0 - 42.0 Lakhs/mo,"Rs. 50,000 - Rs. 500,000",4.5 Stars (675 Reviews),Broken / Inactive Free Subdomain (.business.site discontinued),Senior Partners / Developers,+91 9898 828 360,Lacks automated property inquiry capture forms and EMI / Stamp Duty calculator tools for buyers.,"Pitch 'SahayShakti RealtyPro Engine': HD floor-plan showcase, interactive virtual walkthroughs, and automated investor WhatsApp lead-capture system.",Hot (High Revenue / Zero Web Presence),Uncontacted / Ready for Pitch
SST-ROH-1598,Apex Housing & Luxury Home Collaborations (Branch 3),Real Estate Consultants & Builders,Sector 3 Rohini Market,Near Jaipur Golden Hospital,"Rohini, Delhi - 110085",Rs. 12.0 - 17.0 Lakhs/mo,"Rs. 50,000 - Rs. 500,000",4.6 Stars (77 Reviews),Extremely Outdated Static Page (Not Mobile Responsive),Senior Partners / Developers,+91 9823 436 164,Lacks a verified builder floor showcase website with HD video walk-throughs and floor plan downloads.,"Pitch 'SahayShakti RealtyPro Engine': HD floor-plan showcase, interactive virtual walkthroughs, and automated investor WhatsApp lead-capture system.",High Priority,Uncontacted / Ready for Pitch
SST-ROH-1599,Bansal Property Consultants Sector 9 (Branch 3),Real Estate Consultants & Builders,Sector 5 CSC Market,Near Rajiv Gandhi Cancer Institute,"Rohini, Delhi - 110085",Rs. 33.0 - 38.0 Lakhs/mo,"Rs. 50,000 - Rs. 500,000",4.9 Stars (231 Reviews),No Website (Only IndiaMART / Sulekha listing),Senior Partners / Developers,+91 9817 315 781,Lacks a verified builder floor showcase website with HD video walk-throughs and floor plan downloads.,"Pitch 'SahayShakti RealtyPro Engine': HD floor-plan showcase, interactive virtual walkthroughs, and automated investor WhatsApp lead-capture system.",Hot (High Revenue / Zero Web Presence),Uncontacted / Ready for Pitch
SST-ROH-1600,Dream Space Real Estate & Rental Hub (Branch 3),Real Estate Consultants & Builders,Sector 6 Commercial Complex,Near Ayodhya Chowk,"Rohini, Delhi - 110085",Rs. 40.0 - 43.0 Lakhs/mo,"Rs. 50,000 - Rs. 500,000",4.6 Stars (223 Reviews),No Website (Only Justdial & Google Map listing),Senior Partners / Developers,+91 9870 540 430,No branded web authority making them look like a small broker rather than a premier developer.,"Pitch 'SahayShakti RealtyPro Engine': HD floor-plan showcase, interactive virtual walkthroughs, and automated investor WhatsApp lead-capture system.",Hot (High Revenue / Zero Web Presence),Uncontacted / Ready for Pitch
